_id,GEOID,SidewalkStepLFt,StreetLFt,Ratio
1,42003010300,78448.71321,74592.98738,1.051690192
2,42003020100,170043.9682,103496.1339,1.642998262
3,42003020300,92663.56238,107882.6817,0.858928986
4,42003030500,63741.19798,36574.8806,1.742758881
5,42003040200,46788.76395,31603.32982,1.480501081
6,42003040400,19004.02306,16200.64185,1.173041367
7,42003040500,47219.30553,30435.941,1.551432418
8,42003040600,18617.17048,13175.77977,1.41298434
9,42003040900,57090.19372,48943.60501,1.166448481
10,42003050100,74177.7719,57817.55363,1.282962824
11,42003050600,61390.27652,44971.15468,1.365103408
12,42003050900,34060.43485,5125.794855,6.644907924
13,42003051000,43118.82257,16923.27312,2.547900886
14,42003051100,21923.74413,7265.428071,3.017543346
15,42003060300,70537.31792,48005.88706,1.469347246
16,42003060500,39675.96756,29214.51168,1.358091075
17,42003070300,40397.6602,27763.93796,1.455040717
18,42003070500,41450.30982,21874.9589,1.894874867
19,42003070600,29791.25866,19485.84104,1.528866966
20,42003070800,42965.28333,20162.82866,2.130915461
21,42003070900,55752.65244,32125.71157,1.735452686
22,42003080200,24426.01304,18606.73604,1.312751091
23,42003080400,35289.18343,21483.46708,1.6426205
24,42003080600,35933.60203,20413.4636,1.760289323
25,42003080700,28444.83643,16757.09216,1.697480456
26,42003080900,38603.78731,17756.64217,2.174047714
27,42003090100,50888.31723,23840.7897,2.134506359
28,42003090200,47318.33693,25814.34535,1.833024866
29,42003090300,28437.33912,14484.97908,1.963229561
30,42003100500,47137.36698,33317.33454,1.414800062
31,42003101100,50253.1781,47456.38142,1.058934048
32,42003101400,64369.38145,47611.38149,1.351974663
33,42003101600,34107.58914,21570.63489,1.581204694
34,42003101700,36002.75882,20304.60796,1.773132429
35,42003101800,52838.78716,38662.61863,1.366663434
36,42003110200,70816.92257,42107.96254,1.681794091
37,42003110600,55500.76179,43146.58646,1.286330307
38,42003111300,43578.31493,28468.37595,1.53076224
39,42003111400,28209.83224,14644.89341,1.92625726
40,42003111500,103347.8275,55157.63062,1.873681416
41,42003120300,44575.71401,51007.11378,0.87391171
42,42003120400,38013.94373,22290.87406,1.705359046
43,42003120700,35565.9512,25769.61412,1.380150709
44,42003120800,58309.53547,27154.43655,2.147329971
45,42003130100,54187.27224,42627.04648,1.271194622
46,42003130200,36518.67843,18351.27817,1.989980104
47,42003130300,50928.09642,30007.58785,1.697173951
48,42003130400,43564.99232,28826.12009,1.511302672
49,42003130600,66956.66366,67210.14134,0.99622858
50,42003140100,96859.30623,58764.09876,1.648273491
51,42003140200,44151.86756,24978.92855,1.767564508
52,42003140300,73449.77028,43322.98786,1.695399461
53,42003140400,57691.17369,34614.65326,1.66666912
54,42003140500,51109.05636,26430.76696,1.933695546
55,42003140600,61014.75261,45178.26618,1.350533293
56,42003140800,81600.46523,58986.68171,1.383371006
57,42003141000,27849.64228,26156.7852,1.064719615
58,42003141100,31640.97529,27573.14865,1.14752855
59,42003141300,58005.8076,33570.33988,1.727888601
60,42003141400,112801.8734,79919.50717,1.411443556
61,42003151600,54814.8731,40658.34827,1.348182487
62,42003151700,89344.60179,62596.96621,1.427299232
63,42003160800,63753.75299,60250.55586,1.058143814
64,42003160900,91428.47367,56662.19925,1.613570862
65,42003170200,106907.2904,55235.18906,1.935492432
66,42003170600,50240.75354,46127.46495,1.089172223
67,42003180300,67846.47013,54087.13526,1.254392007
68,42003180700,40212.43294,28092.02574,1.431453656
69,42003190300,54567.45052,44641.17349,1.222356991
70,42003191100,52914.88548,61502.27796,0.860372774
71,42003191400,59140.22571,47760.50295,1.238266393
72,42003191500,46814.56166,41191.52452,1.136509566
73,42003191600,87664.82776,90859.8443,0.964835769
74,42003191700,72479.39212,60356.27842,1.200859198
75,42003191800,106030.5851,83791.61135,1.265408117
76,42003191900,47749.50653,32167.17801,1.48441702
77,42003192000,75259.17184,64351.89637,1.169494235
78,42003202200,59320.53588,59628.02565,0.994843201
79,42003202300,34934.68706,93150.63236,0.375034352
80,42003210700,64262.0719,60004.50004,1.070954209
81,42003220600,40529.14184,32139.64016,1.261032844
82,42003240600,75384.62193,83001.52159,0.908231807
83,42003241200,29588.6103,30032.27364,0.985227115
84,42003250300,25935.67313,18440.79786,1.406429013
85,42003250700,30454.98342,25236.97796,1.206760313
86,42003250900,35902.65745,35993.04217,0.997488828
87,42003260200,54038.9546,63882.43078,0.845912623
88,42003260700,41667.83705,30591.83794,1.362057328
89,42003260900,58729.59554,21650.72255,2.712592866
90,42003261200,8352.955184,32732.39614,0.255189237
91,42003261400,75508.70373,60032.52824,1.257796497
92,42003261500,37859.60101,33692.11167,1.123693326
93,42003262000,50345.48599,61431.73938,0.819535415
94,42003270100,71708.73565,53298.10988,1.345427367
95,42003270300,49183.03919,42311.03869,1.162416256
96,42003270400,26492.24034,21383.21699,1.238926788
97,42003270800,60395.17336,48387.29994,1.248161675
98,42003271500,75120.90955,64632.99067,1.162268816
99,42003281400,45983.37703,44700.02097,1.028710413
100,42003281500,28175.58993,31128.72688,0.905131458
101,42003290100,44199.50943,53129.06431,0.831927119
102,42003290200,79435.3549,65268.57601,1.217053592
103,42003290400,90586.0615,75897.87851,1.193525607
104,42003300100,76057.96912,50379.78468,1.509692223
105,42003310200,20389.00739,96125.50497,0.212108195
106,42003310300,1890.155427,39824.97614,0.047461558
107,42003320400,37198.03854,34768.43179,1.069879676
108,42003320600,36358.20183,50878.25247,0.714611844
109,42003320700,19117.47364,48658.07721,0.392894145
110,42003401100,41297.18685,247635.9407,0.166765724
111,42003401200,98192.13055,105193.4054,0.933443786
112,42003401300,63051.77729,85622.32857,0.736394097
113,42003402000,72255.88742,72851.19115,0.991828497
114,42003403500,120012.9411,126768.0034,0.946713192
115,42003404000,35147.06377,94732.31874,0.371014499
116,42003405000,15221.52628,226785.6859,0.067118549
117,42003406000,1009.16121,250181.8974,0.00403371
118,42003407001,30292.45253,374859.0254,0.080810253
119,42003407002,25764.05768,307851.1077,0.083689995
120,42003408001,67273.74611,297478.432,0.226146634
121,42003408002,70966.62776,211655.6962,0.335292785
122,42003409000,557590.7323,672112.6735,0.829609014
123,42003410000,2612.9005,64203.97606,0.040696864
124,42003411000,272977.502,512651.1903,0.532481943
125,42003412001,264419.7317,310291.72,0.852164962
126,42003412002,152762.4461,206873.334,0.738434689
127,42003413100,173141.9357,301165.2468,0.574906758
128,42003413201,8009.885873,127952.8615,0.062600287
129,42003413202,23938.71872,76934.48722,0.311157188
130,42003413300,62561.97255,159052.4047,0.393341884
131,42003413400,41119.21998,121424.3582,0.33864062
132,42003413500,90395.63213,171128.9405,0.528231121
133,42003414101,19259.01073,172140.5868,0.111879546
134,42003414102,36043.36996,281727.4673,0.127937011
135,42003414200,16222.6721,251817.2722,0.064422396
136,42003415001,12518.58183,286855.5909,0.043640711
137,42003415002,7904.782525,163542.5581,0.048334712
138,42003416000,6700.779747,77493.86739,0.086468516
139,42003417100,71238.17096,55873.0307,1.275001017
140,42003417200,50988.83285,44098.76954,1.156241623
141,42003418000,38922.48672,50008.80544,0.778312667
142,42003419000,33735.8973,214700.6579,0.157129921
143,42003420000,25609.41619,33737.07837,0.759088144
144,42003421100,67956.1251,210909.5033,0.322205136
145,42003421200,6487.305056,187639.5798,0.034573223
146,42003422000,5880.623247,324561.8761,0.018118651
147,42003423000,59048.28087,58640.37158,1.006956117
148,42003424000,80191.76335,76155.63136,1.052998471
149,42003425000,71752.8387,88285.25488,0.812738648
150,42003426300,6377.142253,159095.6902,0.04008369
151,42003426400,9065.384562,121891.7832,0.074372401
152,42003426700,4673.994554,75073.94729,0.062258543
153,42003426800,1912.299824,127397.1991,0.015010533
154,42003427000,62899.4591,74707.61651,0.841941719
155,42003427100,4272.216886,151704.2134,0.028161491
156,42003427200,11370.75836,133730.8237,0.085027206
157,42003428100,4336.702448,30673.07178,0.14138468
158,42003428200,1585.594233,59576.64677,0.026614358
159,42003429100,12847.38689,121411.7609,0.105816659
160,42003429201,24700.30011,130831.7048,0.188794453
161,42003429202,14450.38112,125470.9691,0.11516912
162,42003429300,27203.07725,164240.4397,0.165629593
163,42003429400,25681.30104,135706.8726,0.189240976
164,42003429500,30229.21595,81794.23782,0.369576351
165,42003429600,21414.89797,85633.29045,0.250076785
166,42003429700,9556.296449,62094.8007,0.153898496
167,42003430100,32322.9889,42722.56677,0.756578814
168,42003430200,80616.54161,92667.70416,0.869952939
169,42003431100,58138.39701,51019.40037,1.13953509
170,42003431400,34981.74891,30263.54367,1.155903925
171,42003431500,72578.76061,48781.53841,1.487832549
172,42003432300,38923.54623,35579.50685,1.093987795
173,42003432400,60176.07124,38462.87365,1.56452354
174,42003434000,56729.40447,44844.79654,1.265016431
175,42003435000,51635.78578,70771.00752,0.729617785
176,42003437000,101690.689,257748.7587,0.394534156
177,42003439000,2610.489701,139225.0726,0.018750141
178,42003445500,145622.6461,101451.4695,1.435392181
179,42003446000,66491.95665,78623.65013,0.845699183
180,42003447000,20577.18953,46059.76411,0.446749781
181,42003448000,32520.43655,75549.54908,0.430451762
182,42003449000,14643.09271,98937.48725,0.148003483
183,42003450700,79233.1105,79393.08052,0.997985089
184,42003450800,69922.90355,49008.82949,1.426740942
185,42003451101,73302.04274,126321.3085,0.580282485
186,42003451102,85478.68824,103935.1363,0.8224234
187,42003451104,108567.2407,99066.96378,1.095897528
188,42003451105,79803.07805,120079.4909,0.664585413
189,42003451300,152166.7623,349092.0952,0.43589289
190,42003452000,181504.7135,643169.2859,0.28220364
191,42003453003,23550.51763,155955.0917,0.151008328
192,42003453004,75462.76214,143059.3343,0.527492753
193,42003455000,19719.97072,43050.16871,0.458069534
194,42003456001,44979.57329,255919.9539,0.175756414
195,42003456003,77427.78762,312805.7537,0.247526737
196,42003456004,22234.58085,124200.6967,0.179021386
197,42003457100,25237.05226,41656.39144,0.605838657
198,42003457200,40556.90432,92062.23117,0.440537925
199,42003458000,118720.261,442266.6126,0.268435956
200,42003459101,10646.69285,78179.18595,0.136183215
201,42003459102,76806.02356,166627.1197,0.460945515
202,42003459201,149212.4427,320911.0296,0.464965143
203,42003459202,13398.34054,7223.382058,1.854856968
204,42003460001,18223.23209,124803.2241,0.146015716
205,42003460002,28289.72999,118206.0269,0.239325614
206,42003461000,28446.73488,79136.6407,0.359463513
207,42003462100,49522.36764,90185.23488,0.549118353
208,42003462600,75776.83452,63308.26998,1.196950012
209,42003463900,54282.20755,49830.27884,1.089341838
210,42003464300,71876.10378,66522.06523,1.080485152
211,42003464400,98454.42881,74936.88039,1.313831431
212,42003465600,57050.26425,46813.97145,1.218658928
213,42003465800,81062.44251,95547.56807,0.848398804
214,42003468700,44982.98293,67247.94537,0.668912376
215,42003468800,50064.79687,51937.39186,0.963945148
216,42003468900,63140.88212,86229.37369,0.732243311
217,42003469000,63332.16369,149662.5605,0.423166378
218,42003470300,32484.25923,95102.19564,0.341572127
219,42003470400,7393.346198,63096.68143,0.117174882
220,42003470501,33795.54638,45160.89635,0.748336484
221,42003470502,7184.871606,40942.35067,0.175487521
222,42003470600,54346.47147,56867.71755,0.955664722
223,42003471000,31042.38246,37155.0688,0.835481765
224,42003472100,49547.49038,27376.86485,1.809830697
225,42003472200,57573.76941,36767.41612,1.565891093
226,42003472300,33054.11581,19050.83112,1.735048492
227,42003472400,40541.8694,31435.89046,1.289668236
228,42003473100,107586.8372,67877.68485,1.585010412
229,42003473200,68037.91625,38811.25881,1.753045852
230,42003473300,109382.5306,95204.42283,1.148922784
231,42003473401,95153.81666,62073.12651,1.532930948
232,42003473402,69862.19393,68286.18147,1.023079522
233,42003473500,100935.2358,76239.40677,1.323924727
234,42003473601,79068.96811,69193.64596,1.142720072
235,42003473602,67543.42185,71726.55205,0.941679475
236,42003474101,42050.86973,100848.132,0.416972223
237,42003474102,66416.21509,142261.1713,0.466861157
238,42003474201,6421.891887,71561.77873,0.089739132
239,42003474202,46371.19686,133622.4946,0.347031366
240,42003474203,16732.29868,125613.7322,0.133204375
241,42003475101,47626.44932,104158.3241,0.457250534
242,42003475102,27791.27724,56674.44002,0.490367037
243,42003475200,29380.31023,128245.7152,0.229093894
244,42003475301,27945.59471,107316.0061,0.260404722
245,42003475303,9964.776017,78153.66663,0.127502348
246,42003475304,39895.74329,110554.1186,0.36087071
247,42003475401,54399.16403,154616.5437,0.351832752
248,42003475402,6964.57136,88618.0401,0.078590898
249,42003476100,48747.26821,91281.97935,0.534029483
250,42003476200,8804.888454,67866.84525,0.129737701
251,42003477100,8363.930845,73078.41262,0.114451458
252,42003477200,5910.762736,89497.50091,0.066043886
253,42003477300,17553.8101,111296.7374,0.157720797
254,42003478100,71492.93596,67363.7729,1.061296493
255,42003478200,91417.62065,92440.76842,0.988931856
256,42003479000,2833.102255,32287.17202,0.087746993
257,42003480101,40419.25189,85069.45056,0.475132396
258,42003480102,4678.792893,47807.88081,0.097866561
259,42003480200,3093.600534,79185.58416,0.039067724
260,42003480300,23661.36769,73411.01497,0.322313589
261,42003480400,9377.479702,110854.1055,0.084592985
262,42003481000,74572.49306,51814.70736,1.439214788
263,42003482500,44095.5408,74041.7446,0.595549727
264,42003483800,113574.2229,58348.18686,1.946491039
265,42003484300,86273.34045,75719.40327,1.139382202
266,42003484500,84091.77805,105618.957,0.796180728
267,42003484600,41622.22291,46056.86888,0.90371369
268,42003485000,31730.65239,38633.35292,0.821327946
269,42003486700,57424.17311,62527.06786,0.918389029
270,42003486800,58995.91799,44610.99699,1.322452354
271,42003486900,37655.60205,52454.13762,0.717876678
272,42003487000,44713.10719,85188.46655,0.524872779
273,42003488100,681.0207727,65793.43001,0.010350893
274,42003488200,24008.56708,86603.33572,0.277224507
275,42003488300,10876.42457,80001.68583,0.135952442
276,42003488400,34508.43179,109107.3523,0.316279619
277,42003488500,10893.85003,130891.8147,0.083227894
278,42003488600,35975.35635,181488.6487,0.198223727
279,42003489001,28495.93617,100116.2652,0.284628438
280,42003489002,13930.69322,76908.57856,0.181133152
281,42003490002,6319.489116,163601.4463,0.038627343
282,42003490003,19892.18805,121665.3131,0.163499255
283,42003490004,11428.18117,130136.8639,0.087816633
284,42003491101,19935.83015,265565.6028,0.075069324
285,42003491200,21125.96539,117617.9444,0.179615156
286,42003492700,76095.77165,85779.77976,0.887106167
287,42003492800,92291.86019,73168.05376,1.261368254
288,42003492900,34166.03995,49765.24379,0.686544209
289,42003494000,26671.94477,58546.9987,0.455564681
290,42003495000,2376.549505,469046.905,0.005066763
291,42003496101,2590.167862,152687.0417,0.016963901
292,42003496102,5516.225005,287284.6038,0.019201255
293,42003496200,9374.695165,210074.2222,0.044625633
294,42003497000,337.3142941,58866.05309,0.005730201
295,42003498000,18238.97682,80475.97166,0.22663879
296,42003499300,24672.89663,51169.48078,0.482179929
297,42003499400,55795.22738,47728.6041,1.169010249
298,42003500300,51243.13539,113944.0792,0.449721791
299,42003501000,29089.71781,52347.52016,0.555703837
300,42003503002,35217.47073,181038.6145,0.19453016
301,42003504100,25313.5946,199457.6683,0.126912115
302,42003507000,38013.83759,63101.72142,0.602421562
303,42003508000,63764.31315,68624.93966,0.929171136
304,42003509400,126522.1488,142481.4333,0.887990427
305,42003510000,48277.89167,50161.41369,0.962450779
306,42003512000,46596.70836,61554.55969,0.756998484
307,42003512800,40536.74259,45109.6529,0.89862679
308,42003512900,27186.85799,24873.0095,1.093026479
309,42003513800,82004.82988,60568.99473,1.353907725
310,42003514000,58593.38476,42889.73723,1.36613998
311,42003515100,53342.08119,68448.27012,0.77930503
312,42003515200,35042.68418,28552.80433,1.227293956
313,42003515300,42392.62366,31207.44487,1.358413796
314,42003515401,52154.89744,29645.02147,1.75931387
315,42003516100,45527.61954,28837.03512,1.578789891
316,42003516200,47469.42287,35840.30954,1.324470226
317,42003517000,12119.90749,64478.1859,0.187969114
318,42003518001,51466.32391,99549.58289,0.516991859
319,42003519000,26909.26858,130598.0896,0.206046418
320,42003520001,40455.30733,109942.9541,0.367966348
321,42003520002,24774.57557,78100.31231,0.317214808
322,42003521100,27831.15958,134630.6205,0.20672236
323,42003521200,74109.76992,128576.8827,0.576384871
324,42003521301,96800.29976,150417.2534,0.643545189
325,42003521302,42898.24648,146856.9016,0.292109162
326,42003521401,38650.30752,117980.7879,0.327598317
327,42003521402,52151.2778,106704.291,0.488745835
328,42003521500,36096.07263,169666.2565,0.212747504
329,42003522000,48368.88094,55261.786,0.875268145
330,42003523100,16018.61651,161358.522,0.099273446
331,42003523200,13036.7367,93829.35036,0.138940925
332,42003523300,7146.092986,99235.84151,0.07201121
333,42003523400,29509.67368,104126.0163,0.283403464
334,42003523501,20862.3973,105628.4886,0.197507297
335,42003523502,8922.179907,54060.38127,0.16504101
336,42003523600,15808.24331,117921.3818,0.13405748
337,42003523701,28175.48624,125774.821,0.224015316
338,42003523702,21115.60169,125745.3131,0.167923568
339,42003523800,11362.69528,101957.4309,0.111445484
340,42003524000,53286.29014,60337.14817,0.883142339
341,42003525100,31481.53574,57783.79989,0.544815948
342,42003525200,70029.9142,55133.80799,1.270180979
343,42003525300,45306.63816,46644.85064,0.971310606
344,42003526101,34323.46908,333525.3115,0.102911137
345,42003526102,5363.936495,116731.9444,0.045950888
346,42003526201,4922.990386,101709.935,0.048402257
347,42003526202,5192.915416,147513.7397,0.035202927
348,42003526301,379.2749353,87828.83065,0.004318342
349,42003526302,16859.73253,103278.5266,0.163245285
350,42003550900,66520.11128,56989.51685,1.167234168
351,42003551200,96900.3726,67783.12128,1.429564924
352,42003551300,24765.22404,115894.0091,0.213688561
353,42003551900,69187.86718,49645.05691,1.393650677
354,42003552000,59726.10184,48662.37916,1.227356798
355,42003552100,52809.38075,38605.71119,1.367916278
356,42003552200,34767.96463,37277.6261,0.932676468
357,42003552300,78390.67907,58023.81638,1.351008671
358,42003552400,63969.66453,74052.27938,0.863844639
359,42003560400,44474.13646,25799.87943,1.723811795
360,42003560500,46169.30409,25771.7591,1.791468868
361,42003560600,40912.77957,19984.14532,2.047261913
362,42003561000,35819.04588,23802.32523,1.504854905
363,42003561100,31053.97195,21124.96357,1.470013042
364,42003561200,38381.61857,17396.21587,2.206319975
365,42003561400,47753.50768,63451.69569,0.752596241
366,42003561500,59987.95163,46241.33554,1.297279824
367,42003561600,43895.17567,43286.75218,1.014055651
368,42003561700,34763.90742,28753.47424,1.209033285
369,42003561900,49609.63991,40818.42355,1.215373736
370,42003562000,40285.19938,19649.67509,2.050171272
371,42003562300,88621.73864,83107.90983,1.066345416
372,42003562400,88593.11949,72110.62122,1.228572407
373,42003562500,67799.60007,75601.33839,0.89680423
374,42003562600,84914.45905,96823.6594,0.877001134
375,42003562700,83703.93481,40631.24871,2.060087678
376,42003562800,35061.45932,35588.52636,0.985189973
377,42003562900,73538.14578,86565.66943,0.849507042
378,42003563000,63351.59052,73428.01634,0.862771374
379,42003563100,44946.94361,71484.65996,0.628763481
380,42003563200,72555.89268,54499.05453,1.331323879
381,42003563300,4834.953273,216511.6064,0.022331151
382,42003563800,38805.26462,205936.997,0.188432701
383,42003563900,92540.59475,86251.64453,1.072913975
384,42003564000,117069.4281,359650.873,0.325508533
385,42003564100,12809.45388,48733.73583,0.26284572
386,42003564200,4012.475678,132861.6602,0.030200403
387,42003564400,33849.99372,222251.7738,0.152304718
388,42003564500,19951.92709,218324.4005,0.091386611
389,42003980000,11466.92769,3707.45118,3.092940981
390,42003980100,24537.46096,20199.11874,1.214778787
391,42003980300,3868.097255,3221.270114,1.20079879
392,42003980400,3242.123445,18304.10957,0.177125439
393,42003980500,31768.24829,30188.68761,1.052322933
394,42003980600,40414.06257,46203.83905,0.874690576
395,42003980700,27695.23092,19519.26915,1.418866183
396,42003980800,17130.04356,8716.295902,1.965289356
397,42003980900,15824.77372,17089.37832,0.92600055
398,42003981000,6121.119267,3769.298067,1.623941423
399,42003981100,7645.350565,4327.467375,1.766703224
400,42003981200,31844.77914,10014.3523,3.179914006
401,42003981800,14588.90832,9012.302205,1.618777088
402,42003982200,51352.28584,12695.0221,4.045072583
403,42005950100,0,0,#DIV/0!
404,42005950200,0,0,#DIV/0!
405,42005950300,0,0,#DIV/0!
406,42005950400,0,0,#DIV/0!
407,42005950500,0,0,#DIV/0!
408,42005950600,0,0,#DIV/0!
409,42005950700,0,0,#DIV/0!
410,42005950800,0,0,#DIV/0!
411,42005950900,0,0,#DIV/0!
412,42005951000,0,0,#DIV/0!
413,42005951100,0,0,#DIV/0!
414,42005951200,0,0,#DIV/0!
415,42005951300,0,0,#DIV/0!
416,42005951400,0,0,#DIV/0!
417,42005951500,0,0,#DIV/0!
418,42005951600,0,0,#DIV/0!
419,42005951700,0,0,#DIV/0!
420,42005951800,0,0,#DIV/0!
421,42005951900,0,0,#DIV/0!
422,42007600601,0,0,#DIV/0!
423,42007600602,0,0,#DIV/0!
424,42007600700,0,0,#DIV/0!
425,42007601000,0,0,#DIV/0!
426,42007601100,0,0,#DIV/0!
427,42007601200,0,0,#DIV/0!
428,42007601300,0,0,#DIV/0!
429,42007601400,0,0,#DIV/0!
430,42007601600,0,0,#DIV/0!
431,42007601700,0,0,#DIV/0!
432,42007601800,0,0,#DIV/0!
433,42007602100,0,0,#DIV/0!
434,42007602300,0,0,#DIV/0!
435,42007602400,0,0,#DIV/0!
436,42007602500,0,0,#DIV/0!
437,42007602601,0,0,#DIV/0!
438,42007602602,0,0,#DIV/0!
439,42007602701,0,0,#DIV/0!
440,42007602702,0,0,#DIV/0!
441,42007602800,0,0,#DIV/0!
442,42007602900,0,0,#DIV/0!
443,42007603000,0,0,#DIV/0!
444,42007603202,0,0,#DIV/0!
445,42007603300,0,0,#DIV/0!
446,42007603400,0,0,#DIV/0!
447,42007603500,0,0,#DIV/0!
448,42007603600,0,0,#DIV/0!
449,42007603700,0,0,#DIV/0!
450,42007603801,0,0,#DIV/0!
451,42007603802,0,0,#DIV/0!
452,42007603803,0,0,#DIV/0!
453,42007603900,0,0,#DIV/0!
454,42007604000,0,0,#DIV/0!
455,42007604100,0,0,#DIV/0!
456,42007604200,0,0,#DIV/0!
457,42007604500,0,0,#DIV/0!
458,42007604600,0,0,#DIV/0!
459,42007604700,0,0,#DIV/0!
460,42007604800,0,0,#DIV/0!
461,42007604901,0,0,#DIV/0!
462,42007604902,0,0,#DIV/0!
463,42007605001,0,0,#DIV/0!
464,42007605002,0,0,#DIV/0!
465,42007605100,0,0,#DIV/0!
466,42007605200,0,0,#DIV/0!
467,42007605300,0,0,#DIV/0!
468,42007605400,0,0,#DIV/0!
469,42007605500,0,0,#DIV/0!
470,42007605600,0,0,#DIV/0!
471,42007605700,0,0,#DIV/0!
472,42007605800,0,0,#DIV/0!
473,42019902100,0,0,#DIV/0!
474,42019902200,0,0,#DIV/0!
475,42019902300,0,0,#DIV/0!
476,42019902400,0,0,#DIV/0!
477,42019902500,0,0,#DIV/0!
478,42019902600,0,0,#DIV/0!
479,42019902700,0,0,#DIV/0!
480,42019902800,0,0,#DIV/0!
481,42019902900,0,0,#DIV/0!
482,42019903000,0,0,#DIV/0!
483,42019903100,0,0,#DIV/0!
484,42019910100,0,0,#DIV/0!
485,42019910200,0,0,#DIV/0!
486,42019910301,0,0,#DIV/0!
487,42019910302,0,0,#DIV/0!
488,42019910400,0,0,#DIV/0!
489,42019910500,0,0,#DIV/0!
490,42019910600,0,0,#DIV/0!
491,42019910700,0,0,#DIV/0!
492,42019910800,0,0,#DIV/0!
493,42019910900,0,0,#DIV/0!
494,42019911000,0,0,#DIV/0!
495,42019911100,0,0,#DIV/0!
496,42019911200,0,0,#DIV/0!
497,42019911300,0,0,#DIV/0!
498,42019911400,0,0,#DIV/0!
499,42019911501,0,0,#DIV/0!
500,42019911502,0,0,#DIV/0!
501,42019911600,0,0,#DIV/0!
502,42019911700,0,0,#DIV/0!
503,42019911800,0,0,#DIV/0!
504,42019911900,0,0,#DIV/0!
505,42019912001,0,0,#DIV/0!
506,42019912002,0,0,#DIV/0!
507,42019912101,0,0,#DIV/0!
508,42019912102,0,0,#DIV/0!
509,42019912200,0,0,#DIV/0!
510,42019912301,0,0,#DIV/0!
511,42019912303,0,0,#DIV/0!
512,42019912304,0,0,#DIV/0!
513,42019912401,0,0,#DIV/0!
514,42019912402,0,0,#DIV/0!
515,42019912700,0,0,#DIV/0!
516,42019912800,0,0,#DIV/0!
517,42051260100,0,0,#DIV/0!
518,42051260200,0,0,#DIV/0!
519,42051260300,0,0,#DIV/0!
520,42051260401,0,0,#DIV/0!
521,42051260402,0,0,#DIV/0!
522,42051260500,0,0,#DIV/0!
523,42051260600,0,0,#DIV/0!
524,42051260700,0,0,#DIV/0!
525,42051260800,0,0,#DIV/0!
526,42051260900,0,0,#DIV/0!
527,42051261000,0,0,#DIV/0!
528,42051261100,0,0,#DIV/0!
529,42051261200,0,0,#DIV/0!
530,42051261300,0,0,#DIV/0!
531,42051261401,0,0,#DIV/0!
532,42051261402,0,0,#DIV/0!
533,42051261500,0,0,#DIV/0!
534,42051261600,0,0,#DIV/0!
535,42051261700,0,0,#DIV/0!
536,42051261800,0,0,#DIV/0!
537,42051261900,0,0,#DIV/0!
538,42051262000,0,0,#DIV/0!
539,42051262100,0,0,#DIV/0!
540,42051262200,0,0,#DIV/0!
541,42051262300,0,0,#DIV/0!
542,42051262400,0,0,#DIV/0!
543,42051262500,0,0,#DIV/0!
544,42051262600,0,0,#DIV/0!
545,42051262701,0,0,#DIV/0!
546,42051262702,0,0,#DIV/0!
547,42051262800,0,0,#DIV/0!
548,42051262900,0,0,#DIV/0!
549,42051263000,0,0,#DIV/0!
550,42051263100,0,0,#DIV/0!
551,42051263200,0,0,#DIV/0!
552,42051263300,0,0,#DIV/0!
553,42059970100,0,0,#DIV/0!
554,42059970200,0,0,#DIV/0!
555,42059970300,0,0,#DIV/0!
556,42059970400,0,0,#DIV/0!
557,42059970501,0,0,#DIV/0!
558,42059970502,0,0,#DIV/0!
559,42059970600,0,0,#DIV/0!
560,42059970700,0,0,#DIV/0!
561,42059970800,0,0,#DIV/0!
562,42063960100,0,0,#DIV/0!
563,42063960200,0,0,#DIV/0!
564,42063960300,0,0,#DIV/0!
565,42063960400,0,0,#DIV/0!
566,42063960500,0,0,#DIV/0!
567,42063960600,0,0,#DIV/0!
568,42063960700,0,0,#DIV/0!
569,42063960800,0,0,#DIV/0!
570,42063960900,0,0,#DIV/0!
571,42063961000,0,0,#DIV/0!
572,42063961101,0,0,#DIV/0!
573,42063961102,0,0,#DIV/0!
574,42063961200,0,0,#DIV/0!
575,42063961300,0,0,#DIV/0!
576,42063961400,0,0,#DIV/0!
577,42063961500,0,0,#DIV/0!
578,42063961600,0,0,#DIV/0!
579,42063961700,0,0,#DIV/0!
580,42063961800,0,0,#DIV/0!
581,42063961900,0,0,#DIV/0!
582,42063962000,0,0,#DIV/0!
583,42063962100,0,0,#DIV/0!
584,42063962200,0,0,#DIV/0!
585,42073000100,0,0,#DIV/0!
586,42073000200,0,0,#DIV/0!
587,42073000300,0,0,#DIV/0!
588,42073000400,0,0,#DIV/0!
589,42073000600,0,0,#DIV/0!
590,42073000700,0,0,#DIV/0!
591,42073000800,0,0,#DIV/0!
592,42073000900,0,0,#DIV/0!
593,42073001000,0,0,#DIV/0!
594,42073010100,0,0,#DIV/0!
595,42073010201,0,0,#DIV/0!
596,42073010202,0,0,#DIV/0!
597,42073010300,0,0,#DIV/0!
598,42073010400,0,0,#DIV/0!
599,42073010500,0,0,#DIV/0!
600,42073010600,0,0,#DIV/0!
601,42073010700,0,0,#DIV/0!
602,42073010800,0,0,#DIV/0!
603,42073010900,0,0,#DIV/0!
604,42073011000,0,0,#DIV/0!
605,42073011100,0,0,#DIV/0!
606,42073011200,0,0,#DIV/0!
607,42073011300,0,0,#DIV/0!
608,42073011400,0,0,#DIV/0!
609,42073011500,0,0,#DIV/0!
610,42073011600,0,0,#DIV/0!
611,42073011700,0,0,#DIV/0!
612,42073011800,0,0,#DIV/0!
613,42125704100,0,0,#DIV/0!
614,42125711000,0,0,#DIV/0!
615,42125712700,0,0,#DIV/0!
616,42125713700,0,0,#DIV/0!
617,42125714000,0,0,#DIV/0!
618,42125715700,0,0,#DIV/0!
619,42125721000,0,0,#DIV/0!
620,42125722700,0,0,#DIV/0!
621,42125731000,0,0,#DIV/0!
622,42125732000,0,0,#DIV/0!
623,42125741100,0,0,#DIV/0!
624,42125741300,0,0,#DIV/0!
625,42125742100,0,0,#DIV/0!
626,42125742200,0,0,#DIV/0!
627,42125743700,0,0,#DIV/0!
628,42125744100,0,0,#DIV/0!
629,42125744200,0,0,#DIV/0!
630,42125745100,0,0,#DIV/0!
631,42125745200,0,0,#DIV/0!
632,42125746100,0,0,#DIV/0!
633,42125746200,0,0,#DIV/0!
634,42125746301,0,0,#DIV/0!
635,42125746302,0,0,#DIV/0!
636,42125751100,0,0,#DIV/0!
637,42125751200,0,0,#DIV/0!
638,42125752700,0,0,#DIV/0!
639,42125753700,0,0,#DIV/0!
640,42125754200,0,0,#DIV/0!
641,42125754300,0,0,#DIV/0!
642,42125754400,0,0,#DIV/0!
643,42125754500,0,0,#DIV/0!
644,42125754600,0,0,#DIV/0!
645,42125755100,0,0,#DIV/0!
646,42125755200,0,0,#DIV/0!
647,42125755700,0,0,#DIV/0!
648,42125761000,0,0,#DIV/0!
649,42125762000,0,0,#DIV/0!
650,42125763700,0,0,#DIV/0!
651,42125764000,0,0,#DIV/0!
652,42125771100,0,0,#DIV/0!
653,42125771200,0,0,#DIV/0!
654,42125772700,0,0,#DIV/0!
655,42125773100,0,0,#DIV/0!
656,42125773200,0,0,#DIV/0!
657,42125774700,0,0,#DIV/0!
658,42125775200,0,0,#DIV/0!
659,42125775300,0,0,#DIV/0!
660,42125781700,0,0,#DIV/0!
661,42125782700,0,0,#DIV/0!
662,42125783200,0,0,#DIV/0!
663,42125783300,0,0,#DIV/0!
664,42125784000,0,0,#DIV/0!
665,42125791000,0,0,#DIV/0!
666,42125792100,0,0,#DIV/0!
667,42125792200,0,0,#DIV/0!
668,42125795700,0,0,#DIV/0!
669,42125795800,0,0,#DIV/0!
670,42125795900,0,0,#DIV/0!
671,42125796000,0,0,#DIV/0!
672,42129800100,0,0,#DIV/0!
673,42129800200,0,0,#DIV/0!
674,42129800300,0,0,#DIV/0!
675,42129800400,0,0,#DIV/0!
676,42129800500,0,0,#DIV/0!
677,42129800600,0,0,#DIV/0!
678,42129800700,0,0,#DIV/0!
679,42129800800,0,0,#DIV/0!
680,42129800900,0,0,#DIV/0!
681,42129801001,0,0,#DIV/0!
682,42129801002,0,0,#DIV/0!
683,42129801100,0,0,#DIV/0!
684,42129801200,0,0,#DIV/0!
685,42129801300,0,0,#DIV/0!
686,42129801400,0,0,#DIV/0!
687,42129801500,0,0,#DIV/0!
688,42129801600,0,0,#DIV/0!
689,42129801701,0,0,#DIV/0!
690,42129801702,0,0,#DIV/0!
691,42129801703,0,0,#DIV/0!
692,42129801800,0,0,#DIV/0!
693,42129801900,0,0,#DIV/0!
694,42129802001,0,0,#DIV/0!
695,42129802002,0,0,#DIV/0!
696,42129802101,0,0,#DIV/0!
697,42129802102,0,0,#DIV/0!
698,42129802103,0,0,#DIV/0!
699,42129802200,0,0,#DIV/0!
700,42129802301,0,0,#DIV/0!
701,42129802303,0,0,#DIV/0!
702,42129802304,0,0,#DIV/0!
703,42129802400,0,0,#DIV/0!
704,42129802500,0,0,#DIV/0!
705,42129802600,0,0,#DIV/0!
706,42129802700,0,0,#DIV/0!
707,42129802800,0,0,#DIV/0!
708,42129802900,0,0,#DIV/0!
709,42129803000,0,0,#DIV/0!
710,42129803100,0,0,#DIV/0!
711,42129803200,0,0,#DIV/0!
712,42129803301,0,0,#DIV/0!
713,42129803302,0,0,#DIV/0!
714,42129803400,0,0,#DIV/0!
715,42129803501,0,0,#DIV/0!
716,42129803502,0,0,#DIV/0!
717,42129803600,0,0,#DIV/0!
718,42129803700,0,0,#DIV/0!
719,42129803800,0,0,#DIV/0!
720,42129803901,0,0,#DIV/0!
721,42129803902,0,0,#DIV/0!
722,42129804000,0,0,#DIV/0!
723,42129804100,0,0,#DIV/0!
724,42129804200,0,0,#DIV/0!
725,42129804300,0,0,#DIV/0!
726,42129804400,0,0,#DIV/0!
727,42129804501,0,0,#DIV/0!
728,42129804502,0,0,#DIV/0!
729,42129804600,0,0,#DIV/0!
730,42129804701,0,0,#DIV/0!
731,42129804702,0,0,#DIV/0!
732,42129804801,0,0,#DIV/0!
733,42129804802,0,0,#DIV/0!
734,42129804900,0,0,#DIV/0!
735,42129805000,0,0,#DIV/0!
736,42129805100,0,0,#DIV/0!
737,42129805200,0,0,#DIV/0!
738,42129805400,0,0,#DIV/0!
739,42129805500,0,0,#DIV/0!
740,42129805600,0,0,#DIV/0!
741,42129805800,0,0,#DIV/0!
742,42129805901,0,0,#DIV/0!
743,42129805902,0,0,#DIV/0!
744,42129806000,0,0,#DIV/0!
745,42129806100,0,0,#DIV/0!
746,42129806200,0,0,#DIV/0!
747,42129806300,0,0,#DIV/0!
748,42129806400,0,0,#DIV/0!
749,42129806500,0,0,#DIV/0!
750,42129806600,0,0,#DIV/0!
751,42129806700,0,0,#DIV/0!
752,42129806800,0,0,#DIV/0!
753,42129806900,0,0,#DIV/0!
754,42129807000,0,0,#DIV/0!
755,42129807100,0,0,#DIV/0!
756,42129807200,0,0,#DIV/0!
757,42129807300,0,0,#DIV/0!
758,42129807401,0,0,#DIV/0!
759,42129807402,0,0,#DIV/0!
760,42129807500,0,0,#DIV/0!
761,42129807600,0,0,#DIV/0!
762,42129807700,0,0,#DIV/0!
763,42129807800,0,0,#DIV/0!
764,42129807900,0,0,#DIV/0!
765,42129808100,0,0,#DIV/0!
766,42129808200,0,0,#DIV/0!
767,42129808300,0,0,#DIV/0!
768,42129808401,0,0,#DIV/0!
769,42129808402,0,0,#DIV/0!
770,42129808500,0,0,#DIV/0!
771,42129808600,0,0,#DIV/0!
772,,,,
